loss,metric_acc,time,lr,val_loss,val_metric_acc,val_time
3.9132723808288574,0.008913765,0.9536497592926025,0.01,3.8800253868103027,0.048196517,0.45983147621154785
3.875673770904541,0.052238807,0.6733932495117188,0.01,3.8290696144104004,0.14749171,0.46296262741088867
3.812938928604126,0.09359453,0.6598556041717529,0.01,3.7637746334075928,0.22149669,0.4660658836364746
3.7304253578186035,0.13951078,0.6732540130615234,0.01,3.687878131866455,0.24181177,0.46239471435546875
3.6289937496185303,0.16542289,0.6724293231964111,0.01,3.599200963973999,0.28316748,0.4700026512145996
